{
  "rmse": 3022.2741437533427,
  "mae": 400.99664306640625,
  "r2": 0.8641205430030823,
  "mape": 