{
  "train_loss": [
    0.862476715370544,
    0.5156970242940405,
    0.4660253033041954,
    0.4299849252843257,
    0.4080479368567467,
    0.3912932296593984,
    0.35775079129252046,
    0.3418930299533238,
    0.3227356826265653,
    0.2942351263227328,
    0.2776362563313553,
    0.2677480054257801,
    0.24628077956068817,
    0.23483038829323255,
    0.22506713422261318,
    0.21158681973674387,
    0.20102715845331082,
    0.18691797513022737,
    0.1781679968906086,
    0.168798090934566,
    0.1650441169012455,
    0.152040699136051,
    0.15361524451781744,
    0.15145843717146595,
    0.1399493287288168,
    0.1374094975163352,
    0.12827617931033267,
    0.12808975441580486,
    0.12124075414671463,
    0.12688619523315028
  ],
  "val_loss": [
    0.32696167394593734,
    0.056226428694105775,
    0.04473611966112451,
    0.03931088168080428,
    0.030720964893137092,
    0.016208913298932152,
    0.044172386952381036,
    0.051749321187486,
    0.027810206316205576,
    0.015180980590120631,
    0.023716344404497637,
    0.020917226968744967,
    0.008044230867231068,
    0.015536893948318259,
    0.06539289452996686,
    0.01479457371783953,
    0.009078693617107206,
    0.005699493803830359,
    0.013816230956128045,
    0.026009035235897978,
    0.006051329408547649,
    0.046777449332963884,
    0.011045180550710902,
    0.00426954663099473,
    0.004513200113009287,
    0.007190279784289437,
    0.013856240066152123,
    0.010530200645318209,
    0.004750653033743814,
    0.006821532769716022
  ],
  "lr": [
    0.0003,
    0.0003,
    0.0003,
    0.0003,
    0.0003,
    0.0003,
    0.0003,
    0.0003,
    0.0003,
    0.0003,
    0.0003,
    0.0003,
    0.0003,
    0.0003,
    0.0003,
    0.0003,
    0.00020999999999999998,
    0.00020999999999999998,
    0.00020999999999999998,
    0.00020999999999999998,
    0.00020999999999999998,
    0.00014699999999999997,
    0.00014699999999999997,
    0.00014699999999999997,
    0.00014699999999999997,
    0.00014699999999999997,
    0.00014699999999999997,
    0.00010289999999999997,
    0.00010289999999999997,
    0.00010289999999999997
  ]
}